<Components xmlns:xsd="http://www.w3.org/2001/XMLSchema" xmlns:xsi="http://www.w3.org/2001/XMLSchema-instance" xmlns="http://schemas.microsoft.com/crm/2009/"><Component><Id>76d56be0-127d-449f-b63b-f4b382adcf73</Id><Name>Social Channel</Name><ComponentType>2</ComponentType><TypeName>Attribute</TypeName><Action>Remove</Action><Comments><Comment>The Attribute Social Channel hasn't been added to the solution because it's a new Attribute, or it contains components that won't work in earlier versions of CRM. 
    </Comment></Comments></Component><Component><Id>00000000-0000-0000-00aa-000010001900</Id><Name>Open Activities</Name><ComponentType>26</ComponentType><TypeName>SavedQuery</TypeName><Action>Edit</Action><Comments><Comment>The View Open Activities has been modified to remove the reference to Attribute Social Channel because this component won’t work in earlier versions of CRM.</Comment></Comments></Component><Component><Id>00000000-0000-0000-00aa-000010001899</Id><Name>My Activities</Name><ComponentType>26</ComponentType><TypeName>SavedQuery</TypeName><Action>Edit</Action><Comments><Comment>The View My Activities has been modified to remove the reference to Attribute Social Channel because this component won’t work in earlier versions of CRM.</Comment></Comments></Component><Component><Id>00000000-0000-0000-00aa-000010001902</Id><Name>All Activities</Name><ComponentType>26</ComponentType><TypeName>SavedQuery</TypeName><Action>Edit</Action><Comments><Comment>The View All Activities has been modified to remove the reference to Attribute Social Channel because this component won’t work in earlier versions of CRM.</Comment></Comments></Component><Component><Id>8fba639e-cd73-df11-805d-00155db1891a</Id><Name>My Team Members' Activities</Name><ComponentType>26</ComponentType><TypeName>SavedQuery</TypeName><Action>Edit</Action><Comments><Comment>The View My Team Members' Activities has been modified to remove the reference to Attribute Social Channel because this component won’t work in earlier versions of CRM.</Comment></Comments></Component><Component><Id>1795e537-6270-4c62-8175-77cf045315f3</Id><Name>Scheduled Activities</Name><ComponentType>26</ComponentType><TypeName>SavedQuery</TypeName><Action>Edit</Action><Comments><Comment>The View Scheduled Activities has been modified to remove the reference to Attribute Social Channel because this component won’t work in earlier versions of CRM.</Comment></Comments></Component><Component><Id>00000000-0000-0000-00aa-000000666100</Id><Name>Activity Advanced Find View</Name><ComponentType>26</ComponentType><TypeName>SavedQuery</TypeName><Action>Edit</Action><Comments><Comment>The View Activity Advanced Find View has been modified to remove the reference to Attribute Social Channel because this component won’t work in earlier versions of CRM.</Comment></Comments></Component><Component><Id>00000000-0000-0000-00aa-000010001903</Id><Name>Open Activity Associated View</Name><ComponentType>26</ComponentType><TypeName>SavedQuery</TypeName><Action>Edit</Action><Comments><Comment>The View Open Activity Associated View has been modified to remove the reference to Attribute Social Channel because this component won’t work in earlier versions of CRM.</Comment></Comments></Component><Component><Id>47f4e494-fee0-483c-844c-5a9e35b1c565</Id><Name>All Planning Activities Associated View</Name><ComponentType>26</ComponentType><TypeName>SavedQuery</TypeName><Action>Edit</Action><Comments><Comment>The View All Planning Activities Associated View has been modified to remove the reference to Attribute Social Channel because this component won’t work in earlier versions of CRM.</Comment></Comments></Component><Component><Id>21e2b905-6fdb-470d-8517-ad69b4c01268</Id><Name>Closed Activity Associated View</Name><ComponentType>26</ComponentType><TypeName>SavedQuery</TypeName><Action>Edit</Action><Comments><Comment>The View Closed Activity Associated View has been modified to remove the reference to Attribute Social Channel because this component won’t work in earlier versions of CRM.</Comment></Comments></Component><Component><Id>7f15e2bb-305a-468f-9af7-be865755a984</Id><Name>All Activity Associated View</Name><ComponentType>26</ComponentType><TypeName>SavedQuery</TypeName><Action>Edit</Action><Comments><Comment>The View All Activity Associated View has been modified to remove the reference to Attribute Social Channel because this component won’t work in earlier versions of CRM.</Comment></Comments></Component><Component><Id>f8d3a0d7-83ee-47b7-945c-c9463cbf380d</Id><Name>Open Planning Activity Associated View</Name><ComponentType>26</ComponentType><TypeName>SavedQuery</TypeName><Action>Edit</Action><Comments><Comment>The View Open Planning Activity Associated View has been modified to remove the reference to Attribute Social Channel because this component won’t work in earlier versions of CRM.</Comment></Comments></Component><Component><Id>2aeee36c-aefd-44f5-b3b5-367b69bdc371</Id><Name>Quick Find All Activities</Name><ComponentType>26</ComponentType><TypeName>SavedQuery</TypeName><Action>Edit</Action><Comments><Comment>The View Quick Find All Activities has been modified to remove the reference to Attribute Social Channel because this component won’t work in earlier versions of CRM.</Comment></Comments></Component><Component><Id>2de3fb66-6730-4dfd-886f-658128402c78</Id><Name>Closed Activities</Name><ComponentType>26</ComponentType><TypeName>SavedQuery</TypeName><Action>Edit</Action><Comments><Comment>The View Closed Activities has been modified to remove the reference to Attribute Social Channel because this component won’t work in earlier versions of CRM.</Comment></Comments></Component><Component><Id>f798ea5d-beb1-445f-90b4-6eb98078c9c6</Id><Name>My Activities</Name><ComponentType>26</ComponentType><TypeName>SavedQuery</TypeName><Action>Edit</Action><Comments><Comment>The View My Activities has been modified to remove the reference to Attribute Social Channel because this component won’t work in earlier versions of CRM.</Comment></Comments></Component><Component><Id>1ccbda4d-62e2-4306-98e2-7e65be117c5e</Id><Name>All Activities</Name><ComponentType>26</ComponentType><TypeName>SavedQuery</TypeName><Action>Edit</Action><Comments><Comment>The View All Activities has been modified to remove the reference to Attribute Social Channel because this component won’t work in earlier versions of CRM.</Comment></Comments></Component><Component><Id>af9989c2-db61-4ea5-be20-de211c78dc98</Id><Name>Scheduled Activities</Name><ComponentType>26</ComponentType><TypeName>SavedQuery</TypeName><Action>Edit</Action><Comments><Comment>The View Scheduled Activities has been modified to remove the reference to Attribute Social Channel because this component won’t work in earlier versions of CRM.</Comment></Comments></Component><Component><Id>5673525f-a98f-4fe9-b6a3-ff0bb809a81c</Id><Name>My Closed Activities</Name><ComponentType>26</ComponentType><TypeName>SavedQuery</TypeName><Action>Edit</Action><Comments><Comment>The View My Closed Activities has been modified to remove the reference to Attribute Social Channel because this component won’t work in earlier versions of CRM.</Comment></Comments></Component><Component><Id>eda26f1e-dbcc-40ad-91f2-ff2878d1d8d8</Id><Name>Entitlement Contacts</Name><ComponentType>26</ComponentType><TypeName>SavedQuery</TypeName><Action>Remove</Action><Comments><Comment>The SavedQuery Entitlement Contacts hasn't been added to the solution because it's a new SavedQuery, or it contains components that won't work in earlier versions of CRM. 
    </Comment></Comments></Component><Component><Id>21cb248d-0295-491c-bb79-43c7ecf684bd</Id><Name>Type</Name><ComponentType>2</ComponentType><TypeName>Attribute</TypeName><Action>Remove</Action><Comments><Comment>The Attribute Type hasn't been added to the solution because it's a new Attribute, or it contains components that won't work in earlier versions of CRM. 
    </Comment></Comments></Component><Component><Id>f466cb30-f5a7-e211-90dd-00155d2c1704</Id><Name>f466cb30-f5a7-e211-90dd-00155d2c1704</Name><ComponentType>10</ComponentType><TypeName>EntityRelationship</TypeName><Action>Remove</Action><Comments><Comment>The EntityRelationship f466cb30-f5a7-e211-90dd-00155d2c1704 hasn't been added to the solution because it's a new EntityRelationship, or it contains components that won't work in earlier versions of CRM. 
    </Comment></Comments></Component><Component><Id>0067cb30-f5a7-e211-90dd-00155d2c1704</Id><Name>0067cb30-f5a7-e211-90dd-00155d2c1704</Name><ComponentType>10</ComponentType><TypeName>EntityRelationship</TypeName><Action>Remove</Action><Comments><Comment>The EntityRelationship 0067cb30-f5a7-e211-90dd-00155d2c1704 hasn't been added to the solution because it's a new EntityRelationship, or it contains components that won't work in earlier versions of CRM. 
    </Comment></Comments></Component><Component><Id>1867cb30-f5a7-e211-90dd-00155d2c1704</Id><Name>1867cb30-f5a7-e211-90dd-00155d2c1704</Name><ComponentType>10</ComponentType><TypeName>EntityRelationship</TypeName><Action>Remove</Action><Comments><Comment>The EntityRelationship 1867cb30-f5a7-e211-90dd-00155d2c1704 hasn't been added to the solution because it's a new EntityRelationship, or it contains components that won't work in earlier versions of CRM. 
    </Comment></Comments></Component><Component><Id>1f67cb30-f5a7-e211-90dd-00155d2c1704</Id><Name>1f67cb30-f5a7-e211-90dd-00155d2c1704</Name><ComponentType>10</ComponentType><TypeName>EntityRelationship</TypeName><Action>Remove</Action><Comments><Comment>The EntityRelationship 1f67cb30-f5a7-e211-90dd-00155d2c1704 hasn't been added to the solution because it's a new EntityRelationship, or it contains components that won't work in earlier versions of CRM. 
    </Comment></Comments></Component><Component><Id>4867cb30-f5a7-e211-90dd-00155d2c1704</Id><Name>4867cb30-f5a7-e211-90dd-00155d2c1704</Name><ComponentType>10</ComponentType><TypeName>EntityRelationship</TypeName><Action>Remove</Action><Comments><Comment>The EntityRelationship 4867cb30-f5a7-e211-90dd-00155d2c1704 hasn't been added to the solution because it's a new EntityRelationship, or it contains components that won't work in earlier versions of CRM. 
    </Comment></Comments></Component><Component><Id>0b68cb30-f5a7-e211-90dd-00155d2c1704</Id><Name>0b68cb30-f5a7-e211-90dd-00155d2c1704</Name><ComponentType>10</ComponentType><TypeName>EntityRelationship</TypeName><Action>Remove</Action><Comments><Comment>The EntityRelationship 0b68cb30-f5a7-e211-90dd-00155d2c1704 hasn't been added to the solution because it's a new EntityRelationship, or it contains components that won't work in earlier versions of CRM. 
    </Comment></Comments></Component><Component><Id>1768cb30-f5a7-e211-90dd-00155d2c1704</Id><Name>1768cb30-f5a7-e211-90dd-00155d2c1704</Name><ComponentType>10</ComponentType><TypeName>EntityRelationship</TypeName><Action>Remove</Action><Comments><Comment>The EntityRelationship 1768cb30-f5a7-e211-90dd-00155d2c1704 hasn't been added to the solution because it's a new EntityRelationship, or it contains components that won't work in earlier versions of CRM. 
    </Comment></Comments></Component><Component><Id>c26ade36-f5a7-e211-90dd-00155d2c1704</Id><Name>c26ade36-f5a7-e211-90dd-00155d2c1704</Name><ComponentType>10</ComponentType><TypeName>EntityRelationship</TypeName><Action>Remove</Action><Comments><Comment>The EntityRelationship c26ade36-f5a7-e211-90dd-00155d2c1704 hasn't been added to the solution because it's a new EntityRelationship, or it contains components that won't work in earlier versions of CRM. 
    </Comment></Comments></Component><Component><Id>208fdb7b-f5a7-e211-90dd-00155d2c1704</Id><Name>208fdb7b-f5a7-e211-90dd-00155d2c1704</Name><ComponentType>10</ComponentType><TypeName>EntityRelationship</TypeName><Action>Remove</Action><Comments><Comment>The EntityRelationship 208fdb7b-f5a7-e211-90dd-00155d2c1704 hasn't been added to the solution because it's a new EntityRelationship, or it contains components that won't work in earlier versions of CRM. 
    </Comment></Comments></Component><Component><Id>2c8fdb7b-f5a7-e211-90dd-00155d2c1704</Id><Name>2c8fdb7b-f5a7-e211-90dd-00155d2c1704</Name><ComponentType>10</ComponentType><TypeName>EntityRelationship</TypeName><Action>Remove</Action><Comments><Comment>The EntityRelationship 2c8fdb7b-f5a7-e211-90dd-00155d2c1704 hasn't been added to the solution because it's a new EntityRelationship, or it contains components that won't work in earlier versions of CRM. 
    </Comment></Comments></Component><Component><Id>748fdb7b-f5a7-e211-90dd-00155d2c1704</Id><Name>748fdb7b-f5a7-e211-90dd-00155d2c1704</Name><ComponentType>10</ComponentType><TypeName>EntityRelationship</TypeName><Action>Remove</Action><Comments><Comment>The EntityRelationship 748fdb7b-f5a7-e211-90dd-00155d2c1704 hasn't been added to the solution because it's a new EntityRelationship, or it contains components that won't work in earlier versions of CRM. 
    </Comment></Comments></Component><Component><Id>91f70a66-e3b0-e211-a5fe-00155d2c1704</Id><Name>91f70a66-e3b0-e211-a5fe-00155d2c1704</Name><ComponentType>10</ComponentType><TypeName>EntityRelationship</TypeName><Action>Remove</Action><Comments><Comment>The EntityRelationship 91f70a66-e3b0-e211-a5fe-00155d2c1704 hasn't been added to the solution because it's a new EntityRelationship, or it contains components that won't work in earlier versions of CRM. 
    </Comment></Comments></Component><Component><Id>346e649e-e3b0-e211-a5fe-00155d2c1704</Id><Name>346e649e-e3b0-e211-a5fe-00155d2c1704</Name><ComponentType>10</ComponentType><TypeName>EntityRelationship</TypeName><Action>Remove</Action><Comments><Comment>The EntityRelationship 346e649e-e3b0-e211-a5fe-00155d2c1704 hasn't been added to the solution because it's a new EntityRelationship, or it contains components that won't work in earlier versions of CRM. 
    </Comment></Comments></Component><Component><Id>8e792d01-7bb7-4928-91e3-0598e95b77e5</Id><Name>8e792d01-7bb7-4928-91e3-0598e95b77e5</Name><ComponentType>10</ComponentType><TypeName>EntityRelationship</TypeName><Action>Remove</Action><Comments><Comment>The EntityRelationship 8e792d01-7bb7-4928-91e3-0598e95b77e5 hasn't been added to the solution because it's a new EntityRelationship, or it contains components that won't work in earlier versions of CRM. 
    </Comment></Comments></Component><Component><Id>61b800f2-5b8f-44d2-9506-0bf4dcb0ff3b</Id><Name>61b800f2-5b8f-44d2-9506-0bf4dcb0ff3b</Name><ComponentType>10</ComponentType><TypeName>EntityRelationship</TypeName><Action>Remove</Action><Comments><Comment>The EntityRelationship 61b800f2-5b8f-44d2-9506-0bf4dcb0ff3b hasn't been added to the solution because it's a new EntityRelationship, or it contains components that won't work in earlier versions of CRM. 
    </Comment></Comments></Component><Component><Id>ad634653-9d42-450a-8b16-0c035113b4c3</Id><Name>ad634653-9d42-450a-8b16-0c035113b4c3</Name><ComponentType>10</ComponentType><TypeName>EntityRelationship</TypeName><Action>Remove</Action><Comments><Comment>The EntityRelationship ad634653-9d42-450a-8b16-0c035113b4c3 hasn't been added to the solution because it's a new EntityRelationship, or it contains components that won't work in earlier versions of CRM. 
    </Comment></Comments></Component><Component><Id>a5508e2d-4089-4a54-bf6e-0c093fc76c88</Id><Name>a5508e2d-4089-4a54-bf6e-0c093fc76c88</Name><ComponentType>10</ComponentType><TypeName>EntityRelationship</TypeName><Action>Remove</Action><Comments><Comment>The EntityRelationship a5508e2d-4089-4a54-bf6e-0c093fc76c88 hasn't been added to the solution because it's a new EntityRelationship, or it contains components that won't work in earlier versions of CRM. 
    </Comment></Comments></Component><Component><Id>b2ffcab8-952b-49a4-a3a0-18694633bf48</Id><Name>b2ffcab8-952b-49a4-a3a0-18694633bf48</Name><ComponentType>10</ComponentType><TypeName>EntityRelationship</TypeName><Action>Remove</Action><Comments><Comment>The EntityRelationship b2ffcab8-952b-49a4-a3a0-18694633bf48 hasn't been added to the solution because it's a new EntityRelationship, or it contains components that won't work in earlier versions of CRM. 
    </Comment></Comments></Component><Component><Id>b8446cca-e620-47f5-bff7-197932554f89</Id><Name>b8446cca-e620-47f5-bff7-197932554f89</Name><ComponentType>10</ComponentType><TypeName>EntityRelationship</TypeName><Action>Remove</Action><Comments><Comment>The EntityRelationship b8446cca-e620-47f5-bff7-197932554f89 hasn't been added to the solution because it's a new EntityRelationship, or it contains components that won't work in earlier versions of CRM. 
    </Comment></Comments></Component><Component><Id>3564f0b1-4f79-434f-b801-1ac5b22a8bd4</Id><Name>3564f0b1-4f79-434f-b801-1ac5b22a8bd4</Name><ComponentType>10</ComponentType><TypeName>EntityRelationship</TypeName><Action>Remove</Action><Comments><Comment>The EntityRelationship 3564f0b1-4f79-434f-b801-1ac5b22a8bd4 hasn't been added to the solution because it's a new EntityRelationship, or it contains components that won't work in earlier versions of CRM. 
    </Comment></Comments></Component><Component><Id>6013d1d7-52bb-4b65-8c5b-1f57bfca694f</Id><Name>6013d1d7-52bb-4b65-8c5b-1f57bfca694f</Name><ComponentType>10</ComponentType><TypeName>EntityRelationship</TypeName><Action>Remove</Action><Comments><Comment>The EntityRelationship 6013d1d7-52bb-4b65-8c5b-1f57bfca694f hasn't been added to the solution because it's a new EntityRelationship, or it contains components that won't work in earlier versions of CRM. 
    </Comment></Comments></Component><Component><Id>d6342781-c945-4439-ad94-216972503282</Id><Name>d6342781-c945-4439-ad94-216972503282</Name><ComponentType>10</ComponentType><TypeName>EntityRelationship</TypeName><Action>Remove</Action><Comments><Comment>The EntityRelationship d6342781-c945-4439-ad94-216972503282 hasn't been added to the solution because it's a new EntityRelationship, or it contains components that won't work in earlier versions of CRM. 
    </Comment></Comments></Component><Component><Id>56859a72-8219-4559-b37c-24eefca517dd</Id><Name>56859a72-8219-4559-b37c-24eefca517dd</Name><ComponentType>10</ComponentType><TypeName>EntityRelationship</TypeName><Action>Remove</Action><Comments><Comment>The EntityRelationship 56859a72-8219-4559-b37c-24eefca517dd hasn't been added to the solution because it's a new EntityRelationship, or it contains components that won't work in earlier versions of CRM. 
    </Comment></Comments></Component><Component><Id>fc11f93d-acf6-4ce7-b03c-275d31738259</Id><Name>fc11f93d-acf6-4ce7-b03c-275d31738259</Name><ComponentType>10</ComponentType><TypeName>EntityRelationship</TypeName><Action>Remove</Action><Comments><Comment>The EntityRelationship fc11f93d-acf6-4ce7-b03c-275d31738259 hasn't been added to the solution because it's a new EntityRelationship, or it contains components that won't work in earlier versions of CRM. 
    </Comment></Comments></Component><Component><Id>84cb617a-e14f-43ec-9ef5-2934ec49ded3</Id><Name>84cb617a-e14f-43ec-9ef5-2934ec49ded3</Name><ComponentType>10</ComponentType><TypeName>EntityRelationship</TypeName><Action>Remove</Action><Comments><Comment>The EntityRelationship 84cb617a-e14f-43ec-9ef5-2934ec49ded3 hasn't been added to the solution because it's a new EntityRelationship, or it contains components that won't work in earlier versions of CRM. 
    </Comment></Comments></Component><Component><Id>680cbaab-a2e4-4cd6-9b79-2cac7fd41a8d</Id><Name>680cbaab-a2e4-4cd6-9b79-2cac7fd41a8d</Name><ComponentType>10</ComponentType><TypeName>EntityRelationship</TypeName><Action>Remove</Action><Comments><Comment>The EntityRelationship 680cbaab-a2e4-4cd6-9b79-2cac7fd41a8d hasn't been added to the solution because it's a new EntityRelationship, or it contains components that won't work in earlier versions of CRM. 
    </Comment></Comments></Component><Component><Id>7c7265fc-b3e9-4fb7-91fc-33269dc2ac0d</Id><Name>7c7265fc-b3e9-4fb7-91fc-33269dc2ac0d</Name><ComponentType>10</ComponentType><TypeName>EntityRelationship</TypeName><Action>Remove</Action><Comments><Comment>The EntityRelationship 7c7265fc-b3e9-4fb7-91fc-33269dc2ac0d hasn't been added to the solution because it's a new EntityRelationship, or it contains components that won't work in earlier versions of CRM. 
    </Comment></Comments></Component><Component><Id>ad58b4ce-a1e6-47cc-91fc-3b1bb49a81c9</Id><Name>ad58b4ce-a1e6-47cc-91fc-3b1bb49a81c9</Name><ComponentType>10</ComponentType><TypeName>EntityRelationship</TypeName><Action>Remove</Action><Comments><Comment>The EntityRelationship ad58b4ce-a1e6-47cc-91fc-3b1bb49a81c9 hasn't been added to the solution because it's a new EntityRelationship, or it contains components that won't work in earlier versions of CRM. 
    </Comment></Comments></Component><Component><Id>f71db7c7-3d2c-4815-839a-401ca551901e</Id><Name>f71db7c7-3d2c-4815-839a-401ca551901e</Name><ComponentType>10</ComponentType><TypeName>EntityRelationship</TypeName><Action>Remove</Action><Comments><Comment>The EntityRelationship f71db7c7-3d2c-4815-839a-401ca551901e hasn't been added to the solution because it's a new EntityRelationship, or it contains components that won't work in earlier versions of CRM. 
    </Comment></Comments></Component><Component><Id>97c468a8-e7ab-4f94-99bd-4325619f1b6b</Id><Name>97c468a8-e7ab-4f94-99bd-4325619f1b6b</Name><ComponentType>10</ComponentType><TypeName>EntityRelationship</TypeName><Action>Remove</Action><Comments><Comment>The EntityRelationship 97c468a8-e7ab-4f94-99bd-4325619f1b6b hasn't been added to the solution because it's a new EntityRelationship, or it contains components that won't work in earlier versions of CRM. 
    </Comment></Comments></Component><Component><Id>29247961-a5f6-489e-b9c5-466848d4c1c3</Id><Name>29247961-a5f6-489e-b9c5-466848d4c1c3</Name><ComponentType>10</ComponentType><TypeName>EntityRelationship</TypeName><Action>Remove</Action><Comments><Comment>The EntityRelationship 29247961-a5f6-489e-b9c5-466848d4c1c3 hasn't been added to the solution because it's a new EntityRelationship, or it contains components that won't work in earlier versions of CRM. 
    </Comment></Comments></Component><Component><Id>b94705f4-8348-4606-bd19-4fd1265a0ae4</Id><Name>b94705f4-8348-4606-bd19-4fd1265a0ae4</Name><ComponentType>10</ComponentType><TypeName>EntityRelationship</TypeName><Action>Remove</Action><Comments><Comment>The EntityRelationship b94705f4-8348-4606-bd19-4fd1265a0ae4 hasn't been added to the solution because it's a new EntityRelationship, or it contains components that won't work in earlier versions of CRM. 
    </Comment></Comments></Component><Component><Id>86c00703-e2f8-4d50-9a93-53547ab80506</Id><Name>86c00703-e2f8-4d50-9a93-53547ab80506</Name><ComponentType>10</ComponentType><TypeName>EntityRelationship</TypeName><Action>Remove</Action><Comments><Comment>The EntityRelationship 86c00703-e2f8-4d50-9a93-53547ab80506 hasn't been added to the solution because it's a new EntityRelationship, or it contains components that won't work in earlier versions of CRM. 
    </Comment></Comments></Component><Component><Id>00ed57ad-1f2b-405d-9142-65d2f4298447</Id><Name>00ed57ad-1f2b-405d-9142-65d2f4298447</Name><ComponentType>10</ComponentType><TypeName>EntityRelationship</TypeName><Action>Remove</Action><Comments><Comment>The EntityRelationship 00ed57ad-1f2b-405d-9142-65d2f4298447 hasn't been added to the solution because it's a new EntityRelationship, or it contains components that won't work in earlier versions of CRM. 
    </Comment></Comments></Component><Component><Id>ea6e6ec5-42c9-4a48-8789-662efdf20a00</Id><Name>ea6e6ec5-42c9-4a48-8789-662efdf20a00</Name><ComponentType>10</ComponentType><TypeName>EntityRelationship</TypeName><Action>Remove</Action><Comments><Comment>The EntityRelationship ea6e6ec5-42c9-4a48-8789-662efdf20a00 hasn't been added to the solution because it's a new EntityRelationship, or it contains components that won't work in earlier versions of CRM. 
    </Comment></Comments></Component><Component><Id>801678d1-2853-4a06-9607-66d7462fe4a7</Id><Name>801678d1-2853-4a06-9607-66d7462fe4a7</Name><ComponentType>10</ComponentType><TypeName>EntityRelationship</TypeName><Action>Remove</Action><Comments><Comment>The EntityRelationship 801678d1-2853-4a06-9607-66d7462fe4a7 hasn't been added to the solution because it's a new EntityRelationship, or it contains components that won't work in earlier versions of CRM. 
    </Comment></Comments></Component><Component><Id>a482b31c-f9cc-4989-a087-6800cc438f39</Id><Name>a482b31c-f9cc-4989-a087-6800cc438f39</Name><ComponentType>10</ComponentType><TypeName>EntityRelationship</TypeName><Action>Remove</Action><Comments><Comment>The EntityRelationship a482b31c-f9cc-4989-a087-6800cc438f39 hasn't been added to the solution because it's a new EntityRelationship, or it contains components that won't work in earlier versions of CRM. 
    </Comment></Comments></Component><Component><Id>79f0c2d5-2a35-4b58-82f6-6803df31ad5b</Id><Name>79f0c2d5-2a35-4b58-82f6-6803df31ad5b</Name><ComponentType>10</ComponentType><TypeName>EntityRelationship</TypeName><Action>Remove</Action><Comments><Comment>The EntityRelationship 79f0c2d5-2a35-4b58-82f6-6803df31ad5b hasn't been added to the solution because it's a new EntityRelationship, or it contains components that won't work in earlier versions of CRM. 
    </Comment></Comments></Component><Component><Id>b77b8ae0-9f22-4b3c-af7a-6e2fdcdfa4c3</Id><Name>b77b8ae0-9f22-4b3c-af7a-6e2fdcdfa4c3</Name><ComponentType>10</ComponentType><TypeName>EntityRelationship</TypeName><Action>Remove</Action><Comments><Comment>The EntityRelationship b77b8ae0-9f22-4b3c-af7a-6e2fdcdfa4c3 hasn't been added to the solution because it's a new EntityRelationship, or it contains components that won't work in earlier versions of CRM. 
    </Comment></Comments></Component><Component><Id>1ab88cd1-9c71-471b-955f-704697c80f3d</Id><Name>1ab88cd1-9c71-471b-955f-704697c80f3d</Name><ComponentType>10</ComponentType><TypeName>EntityRelationship</TypeName><Action>Remove</Action><Comments><Comment>The EntityRelationship 1ab88cd1-9c71-471b-955f-704697c80f3d hasn't been added to the solution because it's a new EntityRelationship, or it contains components that won't work in earlier versions of CRM. 
    </Comment></Comments></Component><Component><Id>7d37c314-9c84-438d-9794-70ab8c961a68</Id><Name>7d37c314-9c84-438d-9794-70ab8c961a68</Name><ComponentType>10</ComponentType><TypeName>EntityRelationship</TypeName><Action>Remove</Action><Comments><Comment>The EntityRelationship 7d37c314-9c84-438d-9794-70ab8c961a68 hasn't been added to the solution because it's a new EntityRelationship, or it contains components that won't work in earlier versions of CRM. 
    </Comment></Comments></Component><Component><Id>e53c8121-62f1-474f-a5b3-71373ba1079d</Id><Name>e53c8121-62f1-474f-a5b3-71373ba1079d</Name><ComponentType>10</ComponentType><TypeName>EntityRelationship</TypeName><Action>Remove</Action><Comments><Comment>The EntityRelationship e53c8121-62f1-474f-a5b3-71373ba1079d hasn't been added to the solution because it's a new EntityRelationship, or it contains components that won't work in earlier versions of CRM. 
    </Comment></Comments></Component><Component><Id>8ab8b788-13fa-452e-92c8-72a801ceabbe</Id><Name>8ab8b788-13fa-452e-92c8-72a801ceabbe</Name><ComponentType>10</ComponentType><TypeName>EntityRelationship</TypeName><Action>Remove</Action><Comments><Comment>The EntityRelationship 8ab8b788-13fa-452e-92c8-72a801ceabbe hasn't been added to the solution because it's a new EntityRelationship, or it contains components that won't work in earlier versions of CRM. 
    </Comment></Comments></Component><Component><Id>d993ce09-1236-40ec-adad-777999584728</Id><Name>d993ce09-1236-40ec-adad-777999584728</Name><ComponentType>10</ComponentType><TypeName>EntityRelationship</TypeName><Action>Remove</Action><Comments><Comment>The EntityRelationship d993ce09-1236-40ec-adad-777999584728 hasn't been added to the solution because it's a new EntityRelationship, or it contains components that won't work in earlier versions of CRM. 
    </Comment></Comments></Component><Component><Id>566d4cb1-7aa4-400a-847c-7a6f34a9073a</Id><Name>566d4cb1-7aa4-400a-847c-7a6f34a9073a</Name><ComponentType>10</ComponentType><TypeName>EntityRelationship</TypeName><Action>Remove</Action><Comments><Comment>The EntityRelationship 566d4cb1-7aa4-400a-847c-7a6f34a9073a hasn't been added to the solution because it's a new EntityRelationship, or it contains components that won't work in earlier versions of CRM. 
    </Comment></Comments></Component><Component><Id>384b7720-bfb0-4347-91c8-7ba9f81392c2</Id><Name>384b7720-bfb0-4347-91c8-7ba9f81392c2</Name><ComponentType>10</ComponentType><TypeName>EntityRelationship</TypeName><Action>Remove</Action><Comments><Comment>The EntityRelationship 384b7720-bfb0-4347-91c8-7ba9f81392c2 hasn't been added to the solution because it's a new EntityRelationship, or it contains components that won't work in earlier versions of CRM. 
    </Comment></Comments></Component><Component><Id>72d0a3ff-46bb-42d6-839a-7ce30f54ef1d</Id><Name>72d0a3ff-46bb-42d6-839a-7ce30f54ef1d</Name><ComponentType>10</ComponentType><TypeName>EntityRelationship</TypeName><Action>Remove</Action><Comments><Comment>The EntityRelationship 72d0a3ff-46bb-42d6-839a-7ce30f54ef1d hasn't been added to the solution because it's a new EntityRelationship, or it contains components that won't work in earlier versions of CRM. 
    </Comment></Comments></Component><Component><Id>7a8489c8-88db-491c-b87b-7d775099d061</Id><Name>7a8489c8-88db-491c-b87b-7d775099d061</Name><ComponentType>10</ComponentType><TypeName>EntityRelationship</TypeName><Action>Remove</Action><Comments><Comment>The EntityRelationship 7a8489c8-88db-491c-b87b-7d775099d061 hasn't been added to the solution because it's a new EntityRelationship, or it contains components that won't work in earlier versions of CRM. 
    </Comment></Comments></Component><Component><Id>2bde9a7f-5083-4509-9b22-7dc2e44789ca</Id><Name>2bde9a7f-5083-4509-9b22-7dc2e44789ca</Name><ComponentType>10</ComponentType><TypeName>EntityRelationship</TypeName><Action>Remove</Action><Comments><Comment>The EntityRelationship 2bde9a7f-5083-4509-9b22-7dc2e44789ca hasn't been added to the solution because it's a new EntityRelationship, or it contains components that won't work in earlier versions of CRM. 
    </Comment></Comments></Component><Component><Id>c57d0ba1-3255-4efc-b3a8-7e5886b6cb31</Id><Name>c57d0ba1-3255-4efc-b3a8-7e5886b6cb31</Name><ComponentType>10</ComponentType><TypeName>EntityRelationship</TypeName><Action>Remove</Action><Comments><Comment>The EntityRelationship c57d0ba1-3255-4efc-b3a8-7e5886b6cb31 hasn't been added to the solution because it's a new EntityRelationship, or it contains components that won't work in earlier versions of CRM. 
    </Comment></Comments></Component><Component><Id>fb3114e5-189a-487c-b94c-84a847d744a8</Id><Name>fb3114e5-189a-487c-b94c-84a847d744a8</Name><ComponentType>10</ComponentType><TypeName>EntityRelationship</TypeName><Action>Remove</Action><Comments><Comment>The EntityRelationship fb3114e5-189a-487c-b94c-84a847d744a8 hasn't been added to the solution because it's a new EntityRelationship, or it contains components that won't work in earlier versions of CRM. 
    </Comment></Comments></Component><Component><Id>38351387-9fec-4ee4-8a08-8ac06b4ecd63</Id><Name>38351387-9fec-4ee4-8a08-8ac06b4ecd63</Name><ComponentType>10</ComponentType><TypeName>EntityRelationship</TypeName><Action>Remove</Action><Comments><Comment>The EntityRelationship 38351387-9fec-4ee4-8a08-8ac06b4ecd63 hasn't been added to the solution because it's a new EntityRelationship, or it contains components that won't work in earlier versions of CRM. 
    </Comment></Comments></Component><Component><Id>8fb5a53b-ce5e-4ac7-915a-9391011eb1d8</Id><Name>8fb5a53b-ce5e-4ac7-915a-9391011eb1d8</Name><ComponentType>10</ComponentType><TypeName>EntityRelationship</TypeName><Action>Remove</Action><Comments><Comment>The EntityRelationship 8fb5a53b-ce5e-4ac7-915a-9391011eb1d8 hasn't been added to the solution because it's a new EntityRelationship, or it contains components that won't work in earlier versions of CRM. 
    </Comment></Comments></Component><Component><Id>c8b0f425-97d8-4f39-bde9-99b1a036b600</Id><Name>c8b0f425-97d8-4f39-bde9-99b1a036b600</Name><ComponentType>10</ComponentType><TypeName>EntityRelationship</TypeName><Action>Remove</Action><Comments><Comment>The EntityRelationship c8b0f425-97d8-4f39-bde9-99b1a036b600 hasn't been added to the solution because it's a new EntityRelationship, or it contains components that won't work in earlier versions of CRM. 
    </Comment></Comments></Component><Component><Id>e0008584-99ef-44e9-8ef4-9bfb825e1adb</Id><Name>e0008584-99ef-44e9-8ef4-9bfb825e1adb</Name><ComponentType>10</ComponentType><TypeName>EntityRelationship</TypeName><Action>Remove</Action><Comments><Comment>The EntityRelationship e0008584-99ef-44e9-8ef4-9bfb825e1adb hasn't been added to the solution because it's a new EntityRelationship, or it contains components that won't work in earlier versions of CRM. 
    </Comment></Comments></Component><Component><Id>a801edcc-4608-4c45-8bc1-9f6cf366e9ec</Id><Name>a801edcc-4608-4c45-8bc1-9f6cf366e9ec</Name><ComponentType>10</ComponentType><TypeName>EntityRelationship</TypeName><Action>Remove</Action><Comments><Comment>The EntityRelationship a801edcc-4608-4c45-8bc1-9f6cf366e9ec hasn't been added to the solution because it's a new EntityRelationship, or it contains components that won't work in earlier versions of CRM. 
    </Comment></Comments></Component><Component><Id>67fd6e1d-1576-40f9-821a-a0b852171aac</Id><Name>67fd6e1d-1576-40f9-821a-a0b852171aac</Name><ComponentType>10</ComponentType><TypeName>EntityRelationship</TypeName><Action>Remove</Action><Comments><Comment>The EntityRelationship 67fd6e1d-1576-40f9-821a-a0b852171aac hasn't been added to the solution because it's a new EntityRelationship, or it contains components that won't work in earlier versions of CRM. 
    </Comment></Comments></Component><Component><Id>559bb41e-19ad-469e-8ab7-a8870caebc38</Id><Name>559bb41e-19ad-469e-8ab7-a8870caebc38</Name><ComponentType>10</ComponentType><TypeName>EntityRelationship</TypeName><Action>Remove</Action><Comments><Comment>The EntityRelationship 559bb41e-19ad-469e-8ab7-a8870caebc38 hasn't been added to the solution because it's a new EntityRelationship, or it contains components that won't work in earlier versions of CRM. 
    </Comment></Comments></Component><Component><Id>195f2450-d7ca-48fc-ad25-aaf9cedb0d78</Id><Name>195f2450-d7ca-48fc-ad25-aaf9cedb0d78</Name><ComponentType>10</ComponentType><TypeName>EntityRelationship</TypeName><Action>Remove</Action><Comments><Comment>The EntityRelationship 195f2450-d7ca-48fc-ad25-aaf9cedb0d78 hasn't been added to the solution because it's a new EntityRelationship, or it contains components that won't work in earlier versions of CRM. 
    </Comment></Comments></Component><Component><Id>be152c46-5933-4435-9e7f-b26761c114a0</Id><Name>be152c46-5933-4435-9e7f-b26761c114a0</Name><ComponentType>10</ComponentType><TypeName>EntityRelationship</TypeName><Action>Remove</Action><Comments><Comment>The EntityRelationship be152c46-5933-4435-9e7f-b26761c114a0 hasn't been added to the solution because it's a new EntityRelationship, or it contains components that won't work in earlier versions of CRM. 
    </Comment></Comments></Component><Component><Id>03424782-c7d5-4a34-bbb5-b2df729e0302</Id><Name>03424782-c7d5-4a34-bbb5-b2df729e0302</Name><ComponentType>10</ComponentType><TypeName>EntityRelationship</TypeName><Action>Remove</Action><Comments><Comment>The EntityRelationship 03424782-c7d5-4a34-bbb5-b2df729e0302 hasn't been added to the solution because it's a new EntityRelationship, or it contains components that won't work in earlier versions of CRM. 
    </Comment></Comments></Component><Component><Id>a422faeb-060e-435b-ab7e-c0fadfe569b2</Id><Name>a422faeb-060e-435b-ab7e-c0fadfe569b2</Name><ComponentType>10</ComponentType><TypeName>EntityRelationship</TypeName><Action>Remove</Action><Comments><Comment>The EntityRelationship a422faeb-060e-435b-ab7e-c0fadfe569b2 hasn't been added to the solution because it's a new EntityRelationship, or it contains components that won't work in earlier versions of CRM. 
    </Comment></Comments></Component><Component><Id>2337f26a-c28c-4316-84cf-c8323f651253</Id><Name>2337f26a-c28c-4316-84cf-c8323f651253</Name><ComponentType>10</ComponentType><TypeName>EntityRelationship</TypeName><Action>Remove</Action><Comments><Comment>The EntityRelationship 2337f26a-c28c-4316-84cf-c8323f651253 hasn't been added to the solution because it's a new EntityRelationship, or it contains components that won't work in earlier versions of CRM. 
    </Comment></Comments></Component><Component><Id>5953b312-aca6-4546-b00d-c9c166b378ff</Id><Name>5953b312-aca6-4546-b00d-c9c166b378ff</Name><ComponentType>10</ComponentType><TypeName>EntityRelationship</TypeName><Action>Remove</Action><Comments><Comment>The EntityRelationship 5953b312-aca6-4546-b00d-c9c166b378ff hasn't been added to the solution because it's a new EntityRelationship, or it contains components that won't work in earlier versions of CRM. 
    </Comment></Comments></Component><Component><Id>bc9ebc45-2470-441a-b333-d3083f9fb9e4</Id><Name>bc9ebc45-2470-441a-b333-d3083f9fb9e4</Name><ComponentType>10</ComponentType><TypeName>EntityRelationship</TypeName><Action>Remove</Action><Comments><Comment>The EntityRelationship bc9ebc45-2470-441a-b333-d3083f9fb9e4 hasn't been added to the solution because it's a new EntityRelationship, or it contains components that won't work in earlier versions of CRM. 
    </Comment></Comments></Component><Component><Id>4416ba84-9128-440b-aaf2-d8bd3444c111</Id><Name>4416ba84-9128-440b-aaf2-d8bd3444c111</Name><ComponentType>10</ComponentType><TypeName>EntityRelationship</TypeName><Action>Remove</Action><Comments><Comment>The EntityRelationship 4416ba84-9128-440b-aaf2-d8bd3444c111 hasn't been added to the solution because it's a new EntityRelationship, or it contains components that won't work in earlier versions of CRM. 
    </Comment></Comments></Component><Component><Id>fcc02623-5161-4044-9d12-dc6e0589fc31</Id><Name>fcc02623-5161-4044-9d12-dc6e0589fc31</Name><ComponentType>10</ComponentType><TypeName>EntityRelationship</TypeName><Action>Remove</Action><Comments><Comment>The EntityRelationship fcc02623-5161-4044-9d12-dc6e0589fc31 hasn't been added to the solution because it's a new EntityRelationship, or it contains components that won't work in earlier versions of CRM. 
    </Comment></Comments></Component><Component><Id>02640d21-fd4b-4ee2-9c2b-df19e0fa839d</Id><Name>02640d21-fd4b-4ee2-9c2b-df19e0fa839d</Name><ComponentType>10</ComponentType><TypeName>EntityRelationship</TypeName><Action>Remove</Action><Comments><Comment>The EntityRelationship 02640d21-fd4b-4ee2-9c2b-df19e0fa839d hasn't been added to the solution because it's a new EntityRelationship, or it contains components that won't work in earlier versions of CRM. 
    </Comment></Comments></Component><Component><Id>2468bdb7-d841-46af-b237-e53e3099640f</Id><Name>2468bdb7-d841-46af-b237-e53e3099640f</Name><ComponentType>10</ComponentType><TypeName>EntityRelationship</TypeName><Action>Remove</Action><Comments><Comment>The EntityRelationship 2468bdb7-d841-46af-b237-e53e3099640f hasn't been added to the solution because it's a new EntityRelationship, or it contains components that won't work in earlier versions of CRM. 
    </Comment></Comments></Component><Component><Id>a28f566a-3597-4778-8ea2-e693c49c1062</Id><Name>a28f566a-3597-4778-8ea2-e693c49c1062</Name><ComponentType>10</ComponentType><TypeName>EntityRelationship</TypeName><Action>Remove</Action><Comments><Comment>The EntityRelationship a28f566a-3597-4778-8ea2-e693c49c1062 hasn't been added to the solution because it's a new EntityRelationship, or it contains components that won't work in earlier versions of CRM. 
    </Comment></Comments></Component><Component><Id>5a51ef69-c3f6-4af2-baa7-e6f3f41ef6b2</Id><Name>5a51ef69-c3f6-4af2-baa7-e6f3f41ef6b2</Name><ComponentType>10</ComponentType><TypeName>EntityRelationship</TypeName><Action>Remove</Action><Comments><Comment>The EntityRelationship 5a51ef69-c3f6-4af2-baa7-e6f3f41ef6b2 hasn't been added to the solution because it's a new EntityRelationship, or it contains components that won't work in earlier versions of CRM. 
    </Comment></Comments></Component><Component><Id>99bd050f-3948-4204-b074-e85e6db91dc0</Id><Name>99bd050f-3948-4204-b074-e85e6db91dc0</Name><ComponentType>10</ComponentType><TypeName>EntityRelationship</TypeName><Action>Remove</Action><Comments><Comment>The EntityRelationship 99bd050f-3948-4204-b074-e85e6db91dc0 hasn't been added to the solution because it's a new EntityRelationship, or it contains components that won't work in earlier versions of CRM. 
    </Comment></Comments></Component><Component><Id>92e51a28-59c0-4192-be56-e8d5b66ab36d</Id><Name>92e51a28-59c0-4192-be56-e8d5b66ab36d</Name><ComponentType>10</ComponentType><TypeName>EntityRelationship</TypeName><Action>Remove</Action><Comments><Comment>The EntityRelationship 92e51a28-59c0-4192-be56-e8d5b66ab36d hasn't been added to the solution because it's a new EntityRelationship, or it contains components that won't work in earlier versions of CRM. 
    </Comment></Comments></Component><Component><Id>e4075824-37c2-4ec8-8cbf-f21aa28b7672</Id><Name>e4075824-37c2-4ec8-8cbf-f21aa28b7672</Name><ComponentType>10</ComponentType><TypeName>EntityRelationship</TypeName><Action>Remove</Action><Comments><Comment>The EntityRelationship e4075824-37c2-4ec8-8cbf-f21aa28b7672 hasn't been added to the solution because it's a new EntityRelationship, or it contains components that won't work in earlier versions of CRM. 
    </Comment></Comments></Component><Component><Id>6091066e-8243-475c-b8e8-f6ab26657bc9</Id><Name>6091066e-8243-475c-b8e8-f6ab26657bc9</Name><ComponentType>10</ComponentType><TypeName>EntityRelationship</TypeName><Action>Remove</Action><Comments><Comment>The EntityRelationship 6091066e-8243-475c-b8e8-f6ab26657bc9 hasn't been added to the solution because it's a new EntityRelationship, or it contains components that won't work in earlier versions of CRM. 
    </Comment></Comments></Component></Components>