<ImportExportXml version="6.1.0000.0581" SolutionPackageVersion="6.1" languagecode="1033" generatedBy="OnPremise" xmlns:xsi="http://www.w3.org/2001/XMLSchema-instance">
  <SolutionManifest>
    <UniqueName>AzuroSmsSolution</UniqueName>
    <LocalizedNames>
      <LocalizedName description="Azuro Sms Solution" languagecode="1033" />
    </LocalizedNames>
    <Descriptions>
      <Description description="1.0.0.5 - Upgraded interfaces and script for CRM 2013.&#xA;&#xA;1.0.0.4 - Added multipart SMS support, message length restrictions, support for special characters.&#xA;&#xA;1.0.0.3 - Fixed general issues and javascript errors.&#xA;&#xA;Send SMS to contacts and leads as activities, or part of a campaign." languagecode="1033" />
    </Descriptions>
    <Version>1.0.0.5</Version>
    <Managed>1</Managed>
    <Publisher>
      <UniqueName>DefaultPublisherFrikABS</UniqueName>
      <LocalizedNames>
        <LocalizedName description="Azuro Business Solutions Pty Ltd" languagecode="1033" />
      </LocalizedNames>
      <Descriptions>
        <Description description="Default publisher for Azuro Business Solutions Pty Ltd" languagecode="1033" />
      </Descriptions>
      <EMailAddress xsi:nil="true"></EMailAddress>
      <SupportingWebsiteUrl xsi:nil="true"></SupportingWebsiteUrl>
      <CustomizationPrefix>azuro</CustomizationPrefix>
      <CustomizationOptionValuePrefix>33407</CustomizationOptionValuePrefix>
      <Addresses>
        <Address>
          <AddressNumber>1</AddressNumber>
          <AddressTypeCode>1</AddressTypeCode>
          <City xsi:nil="true"></City>
          <County xsi:nil="true"></County>
          <Country xsi:nil="true"></Country>
          <Fax xsi:nil="true"></Fax>
          <FreightTermsCode xsi:nil="true"></FreightTermsCode>
          <ImportSequenceNumber xsi:nil="true"></ImportSequenceNumber>
          <Latitude xsi:nil="true"></Latitude>
          <Line1 xsi:nil="true"></Line1>
          <Line2 xsi:nil="true"></Line2>
          <Line3 xsi:nil="true"></Line3>
          <Longitude xsi:nil="true"></Longitude>
          <Name xsi:nil="true"></Name>
          <PostalCode xsi:nil="true"></PostalCode>
          <PostOfficeBox xsi:nil="true"></PostOfficeBox>
          <PrimaryContactName xsi:nil="true"></PrimaryContactName>
          <ShippingMethodCode>1</ShippingMethodCode>
          <StateOrProvince xsi:nil="true"></StateOrProvince>
          <Telephone1 xsi:nil="true"></Telephone1>
          <Telephone2 xsi:nil="true"></Telephone2>
          <Telephone3 xsi:nil="true"></Telephone3>
          <TimeZoneRuleVersionNumber xsi:nil="true"></TimeZoneRuleVersionNumber>
          <UPSZone xsi:nil="true"></UPSZone>
          <UTCOffset xsi:nil="true"></UTCOffset>
          <UTCConversionTimeZoneCode xsi:nil="true"></UTCConversionTimeZoneCode>
        </Address>
        <Address>
          <AddressNumber>2</AddressNumber>
          <AddressTypeCode>1</AddressTypeCode>
          <City xsi:nil="true"></City>
          <County xsi:nil="true"></County>
          <Country xsi:nil="true"></Country>
          <Fax xsi:nil="true"></Fax>
          <FreightTermsCode xsi:nil="true"></FreightTermsCode>
          <ImportSequenceNumber xsi:nil="true"></ImportSequenceNumber>
          <Latitude xsi:nil="true"></Latitude>
          <Line1 xsi:nil="true"></Line1>
          <Line2 xsi:nil="true"></Line2>
          <Line3 xsi:nil="true"></Line3>
          <Longitude xsi:nil="true"></Longitude>
          <Name xsi:nil="true"></Name>
          <PostalCode xsi:nil="true"></PostalCode>
          <PostOfficeBox xsi:nil="true"></PostOfficeBox>
          <PrimaryContactName xsi:nil="true"></PrimaryContactName>
          <ShippingMethodCode>1</ShippingMethodCode>
          <StateOrProvince xsi:nil="true"></StateOrProvince>
          <Telephone1 xsi:nil="true"></Telephone1>
          <Telephone2 xsi:nil="true"></Telephone2>
          <Telephone3 xsi:nil="true"></Telephone3>
          <TimeZoneRuleVersionNumber xsi:nil="true"></TimeZoneRuleVersionNumber>
          <UPSZone xsi:nil="true"></UPSZone>
          <UTCOffset xsi:nil="true"></UTCOffset>
          <UTCConversionTimeZoneCode xsi:nil="true"></UTCConversionTimeZoneCode>
        </Address>
      </Addresses>
    </Publisher>
    <RootComponents>
      <RootComponent type="1" schemaName="account" />
      <RootComponent type="1" schemaName="activitypointer" />
      <RootComponent type="1" schemaName="azuro_exclusiontime" />
      <RootComponent type="1" schemaName="azuro_sms" />
      <RootComponent type="1" schemaName="azuro_smscampaignactivity" />
      <RootComponent type="1" schemaName="azuro_smsconfiguration" />
      <RootComponent type="1" schemaName="campaign" />
      <RootComponent type="1" schemaName="contact" />
      <RootComponent type="1" schemaName="lead" />
      <RootComponent type="1" schemaName="list" />
      <RootComponent type="1" schemaName="queue" />
      <RootComponent type="1" schemaName="service" />
      <RootComponent type="1" schemaName="systemuser" />
      <RootComponent type="1" schemaName="team" />
      <RootComponent type="9" schemaName="azuro_campaignactivitytype" />
      <RootComponent type="9" schemaName="azuro_campaignstatusreason" />
      <RootComponent type="9" schemaName="azuro_countries" />
      <RootComponent type="9" schemaName="azuro_smscampaignowner" />
      <RootComponent type="9" schemaName="azuro_smsprovider" />
      <RootComponent type="9" schemaName="azuro_timeoptions" />
      <RootComponent type="9" schemaName="azuro_yesnopicklist" />
      <RootComponent type="29" id="{013bd93e-6376-4dc3-b176-7b65057598a3}" />
      <RootComponent type="29" id="{1f1bca7f-5c67-4a8a-9960-9efcdf86be60}" />
      <RootComponent type="29" id="{cf80824e-cac8-4246-b074-27c484977e9d}" />
      <RootComponent type="29" id="{d1af3e70-5c9c-45d4-b17c-9af7023488f8}" />
      <RootComponent type="61" schemaName="azuro_AccountBll" />
      <RootComponent type="61" schemaName="azuro_CloseCampaign" />
      <RootComponent type="61" schemaName="azuro_Common" />
      <RootComponent type="61" schemaName="azuro_ContactBll" />
      <RootComponent type="61" schemaName="azuro_DistributeCampaign" />
      <RootComponent type="61" schemaName="azuro_FetchUtil" />
      <RootComponent type="61" schemaName="azuro_JSON" />
      <RootComponent type="61" schemaName="azuro_LeadBll" />
      <RootComponent type="61" schemaName="azuro_OnRegardingChange" />
      <RootComponent type="61" schemaName="azuro_REST_API" />
      <RootComponent type="61" schemaName="azuro_RibbonUtilities" />
      <RootComponent type="61" schemaName="azuro_Settings" />
      <RootComponent type="61" schemaName="azuro_SMSCampaignForm" />
      <RootComponent type="61" schemaName="azuro_smscounterfields" />
      <RootComponent type="61" schemaName="azuro_sms_16" />
      <RootComponent type="61" schemaName="azuro_sms_32" />
      <RootComponent type="61" schemaName="azuro_sms_Form" />
    </RootComponents>
    <MissingDependencies>
      <MissingDependency>
        <Required key="0" type="26" schemaName="All Cases for Customer" displayName="All Cases for Customer" parentSchemaName="incident" parentDisplayName="Case" solution="System" id="{00000000-0000-0000-00aa-000010001039}" />
        <Dependent key="1" type="60" displayName="SMS Account Form v2013" parentDisplayName="Account" id="{8448b78f-8f42-454e-8e2a-f8196b0419af}" />
      </MissingDependency>
      <MissingDependency>
        <Required key="2" type="26" schemaName="All Competitors (summary)" displayName="All Competitors (summary)" parentSchemaName="competitor" parentDisplayName="Competitor" solution="System" id="{57bca9ac-87a0-4c28-adc8-2d0a4645f29e}" />
        <Dependent key="3" type="60" displayName="SMS Lead Form v2013" parentDisplayName="Lead" id="{e3b6ddb7-8df0-4410-ac7b-fd32e5053d38}" />
      </MissingDependency>
      <MissingDependency>
        <Required key="4" type="26" schemaName="All Stakeholders" displayName="All Stakeholders" parentSchemaName="connection" parentDisplayName="Connection" solution="System" id="{4e3600fa-b9c8-49f4-b69a-51eba06d9bdf}" />
        <Dependent key="3" type="60" displayName="SMS Lead Form v2013" parentDisplayName="Lead" id="{e3b6ddb7-8df0-4410-ac7b-fd32e5053d38}" />
      </MissingDependency>
      <MissingDependency>
        <Required key="5" type="26" schemaName="My Active Cases" displayName="My Active Cases" parentSchemaName="incident" parentDisplayName="Case" solution="System" id="{00000000-0000-0000-00aa-000010001028}" />
        <Dependent key="6" type="60" displayName="SMS Contact Form v2013" parentDisplayName="Contact" id="{1fed44d1-ae68-4a41-bd2b-f13acac4acfa}" />
      </MissingDependency>
      <MissingDependency>
        <Required key="7" type="26" schemaName="My Open Opportunities" displayName="My Open Opportunities" parentSchemaName="opportunity" parentDisplayName="Opportunity" solution="System" id="{00000000-0000-0000-00aa-000010003000}" />
        <Dependent key="6" type="60" displayName="SMS Contact Form v2013" parentDisplayName="Contact" id="{1fed44d1-ae68-4a41-bd2b-f13acac4acfa}" />
      </MissingDependency>
      <MissingDependency>
        <Required key="7" type="26" schemaName="My Open Opportunities" displayName="My Open Opportunities" parentSchemaName="opportunity" parentDisplayName="Opportunity" solution="System" id="{00000000-0000-0000-00aa-000010003000}" />
        <Dependent key="1" type="60" displayName="SMS Account Form v2013" parentDisplayName="Account" id="{8448b78f-8f42-454e-8e2a-f8196b0419af}" />
      </MissingDependency>
      <MissingDependency>
        <Required key="8" type="26" schemaName="Recent Cases" displayName="Recent Cases" parentSchemaName="incident" parentDisplayName="Case" solution="System" id="{ebd1d24a-eea7-e211-9fb6-00155dd0ea05}" />
        <Dependent key="6" type="60" displayName="SMS Contact Form v2013" parentDisplayName="Contact" id="{1fed44d1-ae68-4a41-bd2b-f13acac4acfa}" />
      </MissingDependency>
      <MissingDependency>
        <Required key="9" type="26" schemaName="Recent Opportunities" displayName="Recent Opportunities" parentSchemaName="opportunity" parentDisplayName="Opportunity" solution="System" id="{9c3f7ee8-eca7-e211-9fb6-00155dd0ea05}" />
        <Dependent key="1" type="60" displayName="SMS Account Form v2013" parentDisplayName="Account" id="{8448b78f-8f42-454e-8e2a-f8196b0419af}" />
      </MissingDependency>
      <MissingDependency>
        <Required key="9" type="26" schemaName="Recent Opportunities" displayName="Recent Opportunities" parentSchemaName="opportunity" parentDisplayName="Opportunity" solution="System" id="{9c3f7ee8-eca7-e211-9fb6-00155dd0ea05}" />
        <Dependent key="6" type="60" displayName="SMS Contact Form v2013" parentDisplayName="Contact" id="{1fed44d1-ae68-4a41-bd2b-f13acac4acfa}" />
      </MissingDependency>
      <MissingDependency>
        <Required key="10" type="59" schemaName="Case Mix (By Business Unit)" displayName="Case Mix (By Business Unit)" parentSchemaName="incident" parentDisplayName="Case" solution="System" id="{f10375a6-4893-de11-97d4-00155da3b01e}" />
        <Dependent key="6" type="60" displayName="SMS Contact Form v2013" parentDisplayName="Contact" id="{1fed44d1-ae68-4a41-bd2b-f13acac4acfa}" />
      </MissingDependency>
      <MissingDependency>
        <Required key="11" type="59" schemaName="Top Customers" displayName="Top Customers" parentSchemaName="opportunity" parentDisplayName="Opportunity" solution="System" id="{8bc5fb18-48f2-4782-9e16-3d452fa4ddce}" />
        <Dependent key="1" type="60" displayName="SMS Account Form v2013" parentDisplayName="Account" id="{8448b78f-8f42-454e-8e2a-f8196b0419af}" />
      </MissingDependency>
      <MissingDependency>
        <Required key="11" type="59" schemaName="Top Customers" displayName="Top Customers" parentSchemaName="opportunity" parentDisplayName="Opportunity" solution="System" id="{8bc5fb18-48f2-4782-9e16-3d452fa4ddce}" />
        <Dependent key="6" type="60" displayName="SMS Contact Form v2013" parentDisplayName="Contact" id="{1fed44d1-ae68-4a41-bd2b-f13acac4acfa}" />
      </MissingDependency>
      <MissingDependency>
        <Required key="12" type="61" schemaName="Account_main_system_library.js" displayName="Account_main_system_library.js" solution="System" />
        <Dependent key="13" type="60" displayName="SMS Account Information v2011" parentDisplayName="Account" id="{b053a39a-041a-4356-acef-ddf00182762b}" />
      </MissingDependency>
      <MissingDependency>
        <Required key="14" type="61" schemaName="Contact_main_system_library.js" displayName="Contact_main_system_library.js" solution="System" />
        <Dependent key="15" type="60" displayName="SMS Contact Form v2011" parentDisplayName="Contact" id="{894cc46a-b0cb-4ab0-8bf6-200544e46a2d}" />
      </MissingDependency>
    </MissingDependencies>
  </SolutionManifest>
</ImportExportXml>